Runs,Mins,BF,4s,6s,SR,Pos,Dismissal,Inns,Column1,Opposition,Ground,Start DateAscending,Column2
,,,,,,,,,,,,,
1,12,6,0,0,16.66,6,bowled,2,,v South Africa,Wellington,15-Feb-95,ODI # 975
10*,13,8,1,0,125,6,not out,1,,v New Zealand,Auckland,19-Feb-95,ODI # 978
62,112,92,1,1,67.39,3,caught,1,,v India,Dunedin,22-Feb-95,ODI # 979
7*,9,6,0,0,116.66,6,not out,2,,v New Zealand,Auckland,26-Feb-95,ODI # 983
43,104,66,3,0,65.15,3,caught,2,,v West Indies,Port of Spain,12-Mar-95,ODI # 987
0,1,2,0,0,0,5,bowled,1,,v West Indies,Georgetown,18-Mar-95,ODI # 989
11,28,21,0,0,52.38,4,stumped,1,,v West Indies,Adelaide,17-Dec-95,ODI # 1023
6,7,11,1,0,54.54,4,caught,1,,v West Indies,Melbourne,19-Dec-95,ODI # 1024
56,92,71,1,0,78.87,4,caught,2,,v Sri Lanka,Sydney,21-Dec-95,ODI # 1026
0,1,1,0,0,0,4,bowled,2,,v West Indies,Sydney,01-Jan-96,ODI # 1028
61,116,86,4,1,70.93,4,caught,2,,v West Indies,Brisbane,07-Jan-96,ODI # 1031
123,174,138,7,1,89.13,4,run out,1,,v Sri Lanka,Melbourne,09-Jan-96,ODI # 1032
11,13,19,0,0,57.89,3,bowled,1,,v Sri Lanka,Perth,12-Jan-96,ODI # 1035
5,26,5,1,0,100,3,caught,1,,v Sri Lanka,Melbourne,16-Jan-96,ODI # 1039
51,129,74,4,0,68.91,3,run out,1,,v Sri Lanka,Melbourne,18-Jan-96,ODI # 1041
17,26,26,1,0,65.38,3,caught,1,,v Sri Lanka,Sydney,20-Jan-96,ODI # 1043
6,15,12,1,0,50,3,caught,1,,v Kenya,Visakhapatnam,23-Feb-96,ODI # 1058
12,31,21,0,0,57.14,3,caught,1,,v India,Wankhede,27-Feb-96,ODI # 1065
33,47,51,4,0,64.7,3,caught,2,,v Zimbabwe,Nagpur,01-Mar-96,ODI # 1068
102,143,112,5,1,91.07,3,run out,1,,v West Indies,Jaipur,04-Mar-96,ODI # 1072
31,32,43,4,0,72.09,3,caught,2,,v New Zealand,Chennai,11-Mar-96,ODI # 1080
0,18,15,0,0,0,3,lbw,1,,v West Indies,Mohali,14-Mar-96,ODI # 1082
45,90,73,2,0,61.64,3,bowled,1,,v Sri Lanka,Lahore,17-Mar-96,ODI # 1083
53,93,82,0,0,64.63,3,caught,1,,v Zimbabwe,Colombo (RPS),26-Aug-96,ODI # 1105
46*,79,57,1,1,80.7,6,not out,1,,v Sri Lanka,Colombo (RPS),30-Aug-96,ODI # 1108
0,2,3,0,0,0,3,lbw,2,,v India,Colombo (SSC),06-Sep-96,ODI # 1113
17,25,26,2,0,65.38,3,caught,2,,v Sri Lanka,Colombo (RPS),07-Sep-96,ODI # 1114
35,80,51,1,0,68.62,3,caught,1,,v South Africa,Indore,19-Oct-96,ODI # 1128
17,38,28,2,0,60.71,3,stumped,1,,v South Africa,Faridabad,25-Oct-96,ODI # 1131
0,1,1,0,0,0,5,bowled,1,,v South Africa,Guwahati,01-Nov-96,ODI # 1134
5,39,27,0,0,18.51,3,lbw,2,,v West Indies,Melbourne,06-Dec-96,ODI # 1147
44,99,76,2,0,57.89,3,bowled,2,,v West Indies,Sydney,08-Dec-96,ODI # 1149
19,52,34,0,0,55.88,3,run out,2,,v Pakistan,Adelaide,15-Dec-96,ODI # 1152
15,27,22,1,0,68.18,4,caught,2,,v South Africa,Melbourne,09-Dec-97,ODI # 1257
60*,142,92,4,0,65.21,3,not out,2,,v New Zealand,Melbourne,17-Dec-97,ODI # 1265
31,74,45,2,0,68.88,3,caught,1,,v South Africa,Brisbane,11-Jan-98,ODI # 1272
84,138,102,8,1,82.35,4,bowled,1,,v New Zealand,Sydney,14-Jan-98,ODI # 1275
16,22,27,0,0,59.25,3,caught,1,,v South Africa,Perth,18-Jan-98,ODI # 1280
100,140,114,6,0,87.71,3,caught,1,,v New Zealand,Melbourne,21-Jan-98,ODI # 1281
33,69,42,2,0,78.57,3,caught,2,,v South Africa,Melbourne,23-Jan-98,ODI # 1283
47,107,72,3,0,65.27,3,lbw,2,,v South Africa,Sydney,26-Jan-98,ODI # 1285
76,140,96,6,0,79.16,3,stumped,1,,v South Africa,Sydney,27-Jan-98,ODI # 1287
10*,25,18,1,0,55.55,4,not out,2,,v New Zealand,Christchurch,08-Feb-98,ODI # 1290
26,35,30,2,0,86.66,3,caught,1,,v New Zealand,Wellington,10-Feb-98,ODI # 1291
30,59,47,1,0,63.82,3,caught,1,,v New Zealand,Napier,12-Feb-98,ODI # 1292
10,24,26,0,0,38.46,3,bowled,2,,v New Zealand,Auckland,14-Feb-98,ODI # 1293
12,45,29,0,0,41.37,3,caught,2,,v India,Kochi,01-Apr-98,ODI # 1300
53,112,84,5,0,63.09,3,run out,1,,v Zimbabwe,Ahmedabad,03-Apr-98,ODI # 1302
84,163,139,5,0,60.43,3,caught,1,,v India,Kanpur,07-Apr-98,ODI # 1308
145,189,158,18,1,91.77,3,caught,1,,v Zimbabwe,Delhi,11-Apr-98,ODI # 1313
41,80,51,6,0,80.39,3,stumped,2,,v India,Delhi,14-Apr-98,ODI # 1316
52,75,71,4,2,73.23,3,caught,2,,v New Zealand,Sharjah,18-Apr-98,ODI # 1320
48,104,65,1,0,73.84,3,caught,1,,v India,Sharjah,19-Apr-98,ODI # 1322
31,40,26,4,1,119.23,3,stumped,1,,v India,Sharjah,22-Apr-98,ODI # 1325
1,2,2,0,0,50,3,caught,1,,v India,Sharjah,24-Apr-98,ODI # 1327
41,71,53,4,0,77.35,3,bowled,2,,v India,Dhaka,28-Oct-98,ODI # 1360
16,31,20,1,1,80,3,caught,1,,v Pakistan,Karachi,06-Nov-98,ODI # 1365
55,123,70,4,0,78.57,3,caught,2,,v Pakistan,Peshawar,08-Nov-98,ODI # 1368
124*,187,129,10,0,96.12,3,not out,2,,v Pakistan,Lahore,10-Nov-98,ODI # 1371
8,27,18,0,0,44.44,3,caught,2,,v England,Brisbane,10-Jan-99,ODI # 1379
43*,75,59,2,1,72.88,3,not out,2,,v Sri Lanka,Sydney,13-Jan-99,ODI # 1382
75*,124,99,8,0,75.75,3,not out,2,,v England,Melbourne,15-Jan-99,ODI # 1384
6,19,13,0,0,46.15,3,caught,2,,v England,Sydney,17-Jan-99,ODI # 1386
39,85,57,1,1,68.42,3,run out,1,,v Sri Lanka,Perth,31-Jan-99,ODI # 1398
43,103,71,4,0,60.56,3,caught,2,,v England,Sydney,05-Feb-99,ODI # 1401
61,84,64,3,0,95.31,4,caught,1,,v Sri Lanka,Melbourne,07-Feb-99,ODI # 1403
10,23,14,0,0,71.42,3,caught,1,,v England,Sydney,10-Feb-99,ODI # 1405
37,65,43,3,1,86.04,3,caught,1,,v England,Melbourne,13-Feb-99,ODI # 1406
23,54,34,3,0,67.64,3,caught,2,,v West Indies,Kingstown,11-Apr-99,ODI # 1433
7,11,12,0,0,58.33,3,caught,1,,v West Indies,Port of Spain,18-Apr-99,ODI # 1439
0,1,1,0,0,0,3,bowled,2,,v West Indies,Georgetown,21-Apr-99,ODI # 1440
43,101,82,2,0,52.43,4,run out,2,,v West Indies,Bridgetown,24-Apr-99,ODI # 1441
1,6,5,0,0,20,3,caught,1,,v West Indies,Bridgetown,25-Apr-99,ODI # 1442
33,87,62,3,0,53.22,3,caught,2,,v Scotland,Worcester,16-May-99,ODI # 1446
47,120,88,4,0,53.4,3,caught,1,,v New Zealand,Cardiff,20-May-99,ODI # 1452
47,82,60,7,0,78.33,3,caught,2,,v Pakistan,Leeds,23-May-99,ODI # 1458
18*,24,10,1,1,180,5,not out,2,,v Bangladesh,Chester-le-Street,27-May-99,ODI # 1464
20,77,56,1,0,35.71,3,caught,2,,v West Indies,Manchester,30-May-99,ODI # 1470
23,43,36,1,1,63.88,3,bowled,1,,v India,The Oval,04-Jun-99,ODI # 1473
36,39,35,4,0,102.85,3,bowled,1,,v Zimbabwe,Lord's,09-Jun-99,ODI # 1477
69,144,110,5,2,62.72,3,caught,2,,v South Africa,Leeds,13-Jun-99,ODI # 1481
37,49,48,3,1,77.08,3,caught,1,,v South Africa,Birmingham,17-Jun-99,ODI # 1483
24,32,27,3,0,88.88,3,caught,2,,v Pakistan,Lord's,20-Jun-99,ODI # 1484
38,108,73,3,0,52.05,3,stumped,1,,v Sri Lanka,Galle,22-Aug-99,ODI # 1485
1*,6,5,0,0,20,4,not out,2,,v India,Galle,23-Aug-99,ODI # 1486
14,-,28,0,0,50,3,caught,1,,v Sri Lanka,Colombo (RPS),26-Aug-99,ODI # 1488
32,85,46,2,0,69.56,4,caught,1,,v India,Colombo (SSC),28-Aug-99,ODI # 1489
18,-,37,0,0,48.64,3,run out,1,,v Sri Lanka,Colombo (RPS),31-Aug-99,ODI # 1491
67,100,90,5,1,74.44,3,stumped,1,,v Zimbabwe,Bulawayo,21-Oct-99,ODI # 1518
31*,64,46,5,0,67.39,3,not out,2,,v Zimbabwe,Harare,23-Oct-99,ODI # 1520
87*,150,110,9,1,79.09,1,not out,2,,v Zimbabwe,Harare,24-Oct-99,ODI # 1521
32,42,31,6,0,103.22,3,caught,2,,v Pakistan,Brisbane,09-Jan-00,ODI # 1536
115,177,121,9,1,95.04,3,caught,1,,v India,Melbourne,12-Jan-00,ODI # 1539
0,6,4,0,0,0,3,caught,2,,v India,Sydney,14-Jan-00,ODI # 1540
0,3,3,0,0,0,3,caught,2,,v Pakistan,Melbourne,16-Jan-00,ODI # 1541
0,1,1,0,0,0,3,lbw,1,,v Pakistan,Sydney,19-Jan-00,ODI # 1542
53,79,64,5,0,82.81,3,lbw,1,,v Pakistan,Melbourne,23-Jan-00,ODI # 1545
43,51,33,5,0,130.3,3,caught,1,,v India,Adelaide,26-Jan-00,ODI # 1548
33,93,52,2,0,63.46,3,caught,2,,v India,Perth,30-Jan-00,ODI # 1552
50,111,75,3,0,66.66,3,caught,2,,v Pakistan,Melbourne,02-Feb-00,ODI # 1554
78,96,80,9,0,97.5,3,caught,1,,v Pakistan,Sydney,04-Feb-00,ODI # 1556
16,30,23,2,0,69.56,3,caught,1,,v South Africa,Melbourne (Docklands),16-Aug-00,ODI # 1620
39,85,61,3,0,63.93,3,bowled,2,,v South Africa,Melbourne (Docklands),18-Aug-00,ODI # 1621
5,11,11,0,0,45.45,3,caught,2,,v South Africa,Melbourne (Docklands),20-Aug-00,ODI # 1622
46,87,59,5,1,77.96,4,caught,2,,v India,Nairobi (Gym),07-Oct-00,ODI # 1633
73,131,100,3,0,73,3,caught,1,,v West Indies,Melbourne,11-Jan-01,ODI # 1667
10*,20,19,1,0,52.63,3,not out,2,,v West Indies,Brisbane,14-Jan-01,ODI # 1670
93,100,74,7,0,125.67,3,caught,1,,v West Indies,Sydney,17-Jan-01,ODI # 1672
68,103,73,7,0,93.15,3,run out,2,,v Zimbabwe,Melbourne,21-Jan-01,ODI # 1674
15,23,21,0,0,71.42,5,caught,1,,v Zimbabwe,Sydney,28-Jan-01,ODI # 1678
6,12,7,0,0,85.71,3,caught,2,,v Zimbabwe,Hobart,30-Jan-01,ODI # 1679
32,38,32,4,0,100,3,run out,1,,v Zimbabwe,Perth,04-Feb-01,ODI # 1683
33,64,50,1,2,66,3,caught,1,,v West Indies,Sydney,07-Feb-01,ODI # 1685
63,76,63,8,0,100,3,caught,1,,v West Indies,Melbourne,09-Feb-01,ODI # 1687
9,25,14,1,0,64.28,3,caught,2,,v India,Bengaluru,25-Mar-01,ODI # 1696
23,55,32,4,0,71.87,3,caught,2,,v India,Indore,31-Mar-01,ODI # 1699
101,162,109,13,0,92.66,3,caught,1,,v India,Visakhapatnam,03-Apr-01,ODI # 1700
4,8,4,1,0,100,3,caught,2,,v India,Margao,06-Apr-01,ODI # 1701
70,92,68,12,0,102.94,3,caught,2,,v Pakistan,Cardiff,09-Jun-01,ODI # 1720
102,153,116,9,2,87.93,3,run out,2,,v England,Bristol,10-Jun-01,ODI # 1721
21,33,24,4,0,87.5,3,caught,1,,v England,Manchester,14-Jun-01,ODI # 1723
70*,105,71,8,2,98.59,3,not out,2,,v England,The Oval,21-Jun-01,ODI # 1726
35*,37,23,5,1,152.17,3,not out,2,,v Pakistan,Lord's,23-Jun-01,ODI # 1728
45,76,54,5,1,83.33,3,caught,2,,v New Zealand,Melbourne,11-Jan-02,ODI # 1783
51,120,75,3,1,68,3,run out,1,,v South Africa,Melbourne,13-Jan-02,ODI # 1784
11,22,17,2,0,64.7,3,caught,2,,v New Zealand,Sydney,17-Jan-02,ODI # 1786
80,129,95,6,1,84.21,3,caught,1,,v South Africa,Brisbane,20-Jan-02,ODI # 1789
33,54,37,3,1,89.18,3,bowled,2,,v South Africa,Sydney,22-Jan-02,ODI # 1791
0,3,2,0,0,0,3,caught,2,,v New Zealand,Adelaide,26-Jan-02,ODI # 1796
8,17,17,1,0,47.05,3,caught,2,,v New Zealand,Melbourne,29-Jan-02,ODI # 1799
26,56,31,2,1,83.87,3,run out,1,,v South Africa,Perth,03-Feb-02,ODI # 1802
14,35,22,2,0,63.63,3,caught,1,,v South Africa,Johannesburg,22-Mar-02,ODI # 1819
0,2,1,0,0,0,4,caught,1,,v South Africa,Centurion,24-Mar-02,ODI # 1820
3,12,11,0,0,27.27,3,run out,2,,v South Africa,Potchefstroom,27-Mar-02,ODI # 1821
129,155,126,15,1,102.38,3,caught,1,,v South Africa,Bloemfontein,30-Mar-02,ODI # 1822
44*,70,54,6,0,81.48,3,not out,2,,v South Africa,Durban,03-Apr-02,ODI # 1823
92,151,107,7,2,85.98,4,caught,2,,v South Africa,Gqeberha,06-Apr-02,ODI # 1824
1,6,3,0,0,33.33,6,lbw,2,,v South Africa,Cape Town,09-Apr-02,ODI # 1827
13,36,26,0,0,50,3,caught,2,,v Pakistan,Melbourne (Docklands),12-Jun-02,ODI # 1842
0,1,2,0,0,0,3,caught,1,,v Pakistan,Melbourne (Docklands),15-Jun-02,ODI # 1844
14,30,22,1,0,63.63,3,bowled,2,,v Pakistan,Brisbane,19-Jun-02,ODI # 1846
65,92,72,7,2,90.27,3,caught,1,,v Pakistan,Nairobi (Gym),30-Aug-02,ODI # 1868
DNB,-,-,-,-,-,-,-,2,,v Kenya,Nairobi (Gym),02-Sep-02,ODI # 1870
21*,43,24,2,1,87.5,3,retired notout,2,,v Pakistan,Nairobi (Gym),04-Sep-02,ODI # 1871
29*,-,33,4,1,87.87,3,not out,2,,v Pakistan,Nairobi (Gym),07-Sep-02,ODI # 1873
37,46,31,8,0,119.35,3,caught,1,,v New Zealand,Colombo (SSC),15-Sep-02,ODI # 1877
9*,13,6,1,0,150,3,not out,2,,v Bangladesh,Colombo (SSC),19-Sep-02,ODI # 1881
3,20,22,0,0,13.63,3,lbw,1,,v Sri Lanka,Colombo (RPS),27-Sep-02,ODI # 1887
18,39,30,1,0,60,3,caught,2,,v England,Sydney,13-Dec-02,ODI # 1917
119,160,123,9,3,96.74,3,caught,1,,v England,Melbourne,15-Dec-02,ODI # 1919
17,29,21,0,0,80.95,3,bowled,1,,v Sri Lanka,Perth,22-Dec-02,ODI # 1925
15,22,16,2,0,93.75,3,caught,2,,v Sri Lanka,Sydney,09-Jan-03,ODI # 1931
15,15,20,2,1,75,3,caught,1,,v England,Hobart,11-Jan-03,ODI # 1932
15,47,40,0,0,37.5,3,stumped,2,,v Sri Lanka,Brisbane,15-Jan-03,ODI # 1936
106*,115,97,11,1,109.27,3,not out,2,,v Sri Lanka,Melbourne,21-Jan-03,ODI # 1939
DNB,-,-,-,-,-,-,-,2,,v England,Sydney,23-Jan-03,ODI # 1940
1,6,8,0,0,12.5,3,caught,1,,v England,Melbourne,25-Jan-03,ODI # 1941
53,129,67,7,0,79.1,3,caught,1,,v Pakistan,Johannesburg,11-Feb-03,ODI # 1945
24*,18,24,4,0,100,3,not out,2,,v India,Centurion,15-Feb-03,ODI # 1951
DNB,-,-,-,-,-,-,-,1,,v Netherlands,Potchefstroom,20-Feb-03,ODI # 1960
38,64,63,2,0,60.31,3,caught,2,,v Zimbabwe,Bulawayo,24-Feb-03,ODI # 1966
2,7,9,0,0,22.22,5,caught,1,,v Namibia,Potchefstroom,27-Feb-03,ODI # 1970
18,30,21,2,1,85.71,3,caught,2,,v England,Gqeberha,02-Mar-03,ODI # 1976
114,130,109,8,4,104.58,3,caught,1,,v Sri Lanka,Centurion,07-Mar-03,ODI # 1982
6,28,20,0,0,30,3,caught,1,,v New Zealand,Gqeberha,11-Mar-03,ODI # 1986
18,50,30,2,0,60,3,lbw,2,,v Kenya,Durban,15-Mar-03,ODI # 1990
2,6,8,0,0,25,3,caught,1,,v Sri Lanka,Gqeberha,18-Mar-03,ODI # 1991
140*,138,121,4,8,115.7,3,not out,1,,v India,Johannesburg,23-Mar-03,ODI # 1993
59,87,66,7,0,89.39,3,caught,1,,v West Indies,Kingston,17-May-03,ODI # 2011
57*,92,71,5,1,80.28,3,not out,2,,v West Indies,Kingston,18-May-03,ODI # 2013
32,-,35,3,0,91.42,3,run out,1,,v West Indies,Gros Islet,21-May-03,ODI # 2016
38,-,47,2,0,80.85,3,caught,1,,v West Indies,Port of Spain,24-May-03,ODI # 2018
10,-,20,1,0,50,3,caught,2,,v West Indies,Port of Spain,25-May-03,ODI # 2019
2,-,6,0,0,33.33,3,run out,1,,v West Indies,St George's,30-May-03,ODI # 2020
2*,-,7,0,0,28.57,3,not out,1,,v West Indies,St George's,01-Jun-03,ODI # 2021
29,74,65,1,0,44.61,3,bowled,2,,v Bangladesh,Cairns,02-Aug-03,ODI # 2038
DNB,-,-,-,-,-,-,-,2,,v Bangladesh,Cairns,03-Aug-03,ODI # 2039
101,142,118,2,4,85.59,3,caught,1,,v Bangladesh,Darwin,06-Aug-03,ODI # 2040
2,6,5,0,0,40,3,caught,2,,v India,Gwalior,26-Oct-03,ODI # 2052
12,36,27,2,0,44.44,3,caught,2,,v New Zealand,Faridabad,29-Oct-03,ODI # 2053
31,55,37,3,0,83.78,3,lbw,1,,v India,Wankhede,01-Nov-03,ODI # 2054
16,35,24,3,0,66.66,3,bowled,2,,v New Zealand,Pune,03-Nov-03,ODI # 2055
52,113,84,6,0,61.9,3,caught,1,,v New Zealand,Guwahati,09-Nov-03,ODI # 2058
108*,150,103,1,7,104.85,3,not out,1,,v India,Bengaluru,12-Nov-03,ODI # 2061
36,78,45,7,0,80,3,caught,1,,v India,Eden Gardens,18-Nov-03,ODI # 2064
18,34,19,3,0,94.73,3,caught,1,,v India,Melbourne,09-Jan-04,ODI # 2077
21,-,31,2,1,67.74,3,caught,1,,v Zimbabwe,Sydney,11-Jan-04,ODI # 2079
37,59,46,2,1,80.43,3,caught,1,,v Zimbabwe,Hobart,16-Jan-04,ODI # 2082
7,25,13,1,0,53.84,3,caught,2,,v India,Brisbane,18-Jan-04,ODI # 2084
42,87,54,3,1,77.77,3,caught,2,,v India,Sydney,22-Jan-04,ODI # 2086
63,87,71,11,0,88.73,3,run out,1,,v Zimbabwe,Adelaide,26-Jan-04,ODI # 2089
35,89,58,2,1,60.34,3,caught,1,,v Zimbabwe,Melbourne,29-Jan-04,ODI # 2091
88,114,80,7,2,110,3,caught,2,,v India,Melbourne,06-Feb-04,ODI # 2097
4,11,9,0,0,44.44,3,caught,1,,v India,Sydney,08-Feb-04,ODI # 2098
58,84,82,4,0,70.73,3,caught,1,,v Sri Lanka,Dambulla,20-Feb-04,ODI # 2102
69,122,93,4,1,74.19,3,caught,2,,v Sri Lanka,Dambulla,22-Feb-04,ODI # 2103
63,116,75,4,0,84,3,bowled,2,,v Sri Lanka,Colombo (RPS),25-Feb-04,ODI # 2105
67,98,79,8,2,84.81,3,lbw,1,,v Sri Lanka,Colombo (RPS),27-Feb-04,ODI # 2106
91,144,93,8,3,97.84,3,caught,2,,v Zimbabwe,Harare,25-May-04,ODI # 2131
10,22,10,1,0,100,8,stumped,1,,v Zimbabwe,Harare,27-May-04,ODI # 2132
DNB,-,-,-,-,-,-,-,2,,v Zimbabwe,Harare,29-May-04,ODI # 2133
26,45,28,1,1,92.85,3,lbw,1,,v India,Amstelveen,23-Aug-04,ODI # 2159
25,58,45,0,0,55.55,3,caught,1,,v Pakistan,Amstelveen,28-Aug-04,ODI # 2162
4,14,5,0,0,80,3,lbw,1,,v Pakistan,Lord's,04-Sep-04,ODI # 2166
8*,12,8,1,0,100,3,not out,2,,v U.S.A.,Southampton,13-Sep-04,ODI # 2172
14,45,29,2,0,48.27,3,bowled,2,,v New Zealand,The Oval,16-Sep-04,ODI # 2176
29,69,41,2,0,70.73,3,caught,1,,v England,Birmingham,21-Sep-04,ODI # 2180
29,53,49,4,0,59.18,3,lbw,1,,v New Zealand,Melbourne (Docklands),05-Dec-04,ODI # 2196
32,49,36,4,0,88.88,3,caught,1,,v New Zealand,Sydney,08-Dec-04,ODI # 2198
115,168,102,8,3,112.74,3,stumped,1,,v Asia XI,Melbourne,10-Jan-05,ODI # 2203
78,146,92,5,1,84.78,3,run out,1,,v West Indies,Melbourne,14-Jan-05,ODI # 2204
6,10,8,0,0,75,3,caught,2,,v Pakistan,Hobart,16-Jan-05,ODI # 2205
2,-,10,0,0,20,3,lbw,2,,v West Indies,Brisbane,21-Jan-05,ODI # 2208
17*,-,51,2,0,33.33,3,not out,2,,v Pakistan,Sydney,23-Jan-05,ODI # 2209
0,-,2,0,0,0,3,caught,1,,v West Indies,Adelaide,26-Jan-05,ODI # 2212
29,-,45,4,0,64.44,3,bowled,1,,v Pakistan,Perth,30-Jan-05,ODI # 2215
11,-,15,1,0,73.33,3,bowled,1,,v Pakistan,Melbourne,04-Feb-05,ODI # 2220
41,74,61,4,0,67.21,3,caught,1,,v Pakistan,Sydney,06-Feb-05,ODI # 2222
61,128,84,3,0,72.61,3,caught,1,,v New Zealand,Wellington,19-Feb-05,ODI # 2227
53,68,57,6,2,92.98,3,run out,1,,v New Zealand,Christchurch,22-Feb-05,ODI # 2228
11,18,18,2,0,61.11,3,run out,1,,v New Zealand,Auckland,26-Feb-05,ODI # 2230
141*,170,127,10,5,111.02,3,not out,1,,v New Zealand,Napier,05-Mar-05,ODI # 2234
1,21,16,0,0,6.25,3,lbw,1,,v Bangladesh,Cardiff,18-Jun-05,ODI # 2250
0,1,1,0,0,0,3,lbw,1,,v England,Bristol,19-Jun-05,ODI # 2251
27,51,40,4,0,67.5,3,caught,1,,v England,Chester-le-Street,23-Jun-05,ODI # 2253
DNB,-,-,-,-,-,-,-,2,,v Bangladesh,Manchester,25-Jun-05,ODI # 2254
34,69,40,4,0,85,3,caught,1,,v England,Birmingham,28-Jun-05,ODI # 2256
66,127,95,5,0,69.47,3,caught,2,,v Bangladesh,Canterbury,30-Jun-05,ODI # 2257
7,26,18,0,1,38.88,3,caught,1,,v England,Lord's,02-Jul-05,ODI # 2258
14,49,30,2,0,46.66,3,caught,1,,v England,Leeds,07-Jul-05,ODI # 2259
111,157,115,14,1,96.52,3,caught,2,,v England,Lord's,10-Jul-05,ODI # 2260
43,59,44,7,0,97.72,3,stumped,2,,v England,The Oval,12-Jul-05,ODI # 2261
23,33,27,1,1,85.18,3,caught,1,,v ICC World XI,Melbourne (Docklands),05-Oct-05,ODI # 2282
66,105,72,4,0,91.66,3,run out,1,,v ICC World XI,Melbourne (Docklands),07-Oct-05,ODI # 2283
68,99,84,8,1,80.95,3,caught,1,,v ICC World XI,Melbourne (Docklands),09-Oct-05,ODI # 2284
63,97,64,5,3,98.43,3,lbw,1,,v New Zealand,Auckland,03-Dec-05,ODI # 2301
28,29,32,5,0,87.5,3,caught,1,,v New Zealand,Wellington,07-Dec-05,ODI # 2302
75,88,67,10,2,111.94,3,lbw,1,,v New Zealand,Christchurch,10-Dec-05,ODI # 2303
13,35,18,0,1,72.22,3,bowled,1,,v Sri Lanka,Melbourne (Docklands),13-Jan-06,ODI # 2313
33,61,47,6,0,70.21,3,caught,1,,v South Africa,Brisbane,15-Jan-06,ODI # 2314
9,30,19,1,0,47.36,3,caught,1,,v South Africa,Melbourne (Docklands),20-Jan-06,ODI # 2316
13,28,24,2,0,54.16,3,caught,2,,v Sri Lanka,Sydney,22-Jan-06,ODI # 2317
53,102,63,2,1,84.12,3,caught,1,,v South Africa,Melbourne (Docklands),03-Feb-06,ODI # 2322
72,-,61,8,0,118.03,3,caught,1,,v South Africa,Sydney,05-Feb-06,ODI # 2323
0,4,0,0,0,-,3,run out,2,,v Sri Lanka,Adelaide,10-Feb-06,ODI # 2326
124,178,127,9,3,97.63,3,caught,1,,v Sri Lanka,Sydney,12-Feb-06,ODI # 2328
28*,-,41,1,0,68.29,3,not out,2,,v Sri Lanka,Brisbane,14-Feb-06,ODI # 2330
62,123,82,5,0,75.6,3,caught,1,,v South Africa,Gqeberha,05-Mar-06,ODI # 2347
7,26,17,1,0,41.17,3,caught,2,,v South Africa,Durban,10-Mar-06,ODI # 2348
164,154,105,13,9,156.19,3,caught,1,,v South Africa,Johannesburg,12-Mar-06,ODI # 2349
14,26,31,2,0,45.16,5,lbw,2,,v Bangladesh,Chattogram,23-Apr-06,ODI # 2365
5,9,6,1,0,83.33,3,bowled,1,,v Bangladesh,Fatullah,26-Apr-06,ODI # 2366
54,74,53,9,0,101.88,3,lbw,1,,v West Indies,Kuala Lumpur,12-Sep-06,ODI # 2413
19,22,21,4,0,90.47,3,caught,1,,v India,Kuala Lumpur,16-Sep-06,ODI # 2416
4,13,9,0,0,44.44,3,caught,1,,v India,Kuala Lumpur,22-Sep-06,ODI # 2421
6,27,12,0,0,50,3,lbw,1,,v West Indies,Kuala Lumpur,24-Sep-06,ODI # 2422
1,8,5,0,0,20,3,bowled,2,,v West Indies,Brabourne,18-Oct-06,ODI # 2432
1,8,4,0,0,25,3,caught,2,,v England,Jaipur,21-Oct-06,ODI # 2434
58,109,69,8,0,84.05,3,caught,2,,v India,Mohali,29-Oct-06,ODI # 2440
58,118,80,9,0,72.5,3,caught,1,,v New Zealand,Mohali,01-Nov-06,ODI # 2441
0,5,2,0,0,0,3,lbw,2,,v West Indies,Brabourne,05-Nov-06,ODI # 2443
82*,120,96,8,0,85.41,3,not out,2,,v England,Melbourne,12-Jan-07,ODI # 2473
10,41,22,2,0,45.45,3,caught,1,,v New Zealand,Hobart,14-Jan-07,ODI # 2474
5,16,15,1,0,33.33,4,lbw,2,,v New Zealand,Sydney,21-Jan-07,ODI # 2479
51*,71,61,6,0,83.6,3,not out,2,,v England,Adelaide,26-Jan-07,ODI # 2486
111,170,122,8,1,90.98,3,caught,1,,v New Zealand,Perth,28-Jan-07,ODI # 2488
104,171,113,6,1,92.03,3,caught,2,,v New Zealand,Melbourne,04-Feb-07,ODI # 2501
75,109,75,7,0,100,3,caught,1,,v England,Melbourne,09-Feb-07,ODI # 2515
7,6,6,1,0,116.66,3,caught,2,,v England,Sydney,11-Feb-07,ODI # 2519
113,144,93,9,5,121.5,3,bowled,1,,v Scotland,Basseterre,14-Mar-07,ODI # 2532
23,33,22,4,1,104.54,3,caught,1,,v Netherlands,Basseterre,18-Mar-07,ODI # 2540
91,136,91,8,2,100,3,caught,1,,v South Africa,Basseterre,24-Mar-07,ODI # 2552
35,46,36,4,1,97.22,3,run out,1,,v West Indies,North Sound,27-Mar-07,ODI # 2555
DNB,-,-,-,-,-,-,-,2,,v Bangladesh,North Sound,31-Mar-07,ODI # 2559
86,133,106,11,0,81.13,3,run out,2,,v England,North Sound,08-Apr-07,ODI # 2565
DNB,-,-,-,-,-,-,-,2,,v Ireland,Bridgetown,13-Apr-07,ODI # 2570
66*,116,80,4,1,82.5,3,not out,2,,v Sri Lanka,St George's,16-Apr-07,ODI # 2573
66,96,70,7,0,94.28,3,caught,1,,v New Zealand,St George's,20-Apr-07,ODI # 2577
22,38,25,5,0,88,3,bowled,2,,v South Africa,Gros Islet,25-Apr-07,ODI # 2580
37,53,42,1,1,88.09,3,run out,1,,v Sri Lanka,Bridgetown,28-Apr-07,ODI # 2581
25,64,43,3,0,58.13,3,caught,1,,v India,Hyderabad,05-Oct-07,ODI # 2625
29,62,33,5,0,87.87,3,stumped,2,,v India,Chandigarh,08-Oct-07,ODI # 2627
39*,59,39,5,0,100,3,not out,2,,v India,Vadodara,11-Oct-07,ODI # 2629
49,62,44,7,1,111.36,3,caught,1,,v India,Nagpur,14-Oct-07,ODI # 2631
57,129,78,9,0,73.07,3,caught,1,,v India,Wankhede,17-Oct-07,ODI # 2632
107*,158,108,13,0,99.07,3,not out,2,,v New Zealand,Adelaide,14-Dec-07,ODI # 2655
TDNB,-,-,-,-,-,-,-,-,,v New Zealand,Sydney,16-Dec-07,ODI # 2656
134*,198,133,10,2,100.75,3,not out,1,,v New Zealand,Hobart,20-Dec-07,ODI # 2657
0,12,2,0,0,0,3,caught,2,,v India,Brisbane,03-Feb-08,ODI # 2670
9,34,22,1,0,40.9,3,caught,1,,v Sri Lanka,Sydney,08-Feb-08,ODI # 2673
9,39,15,0,0,60,3,caught,1,,v India,Melbourne,10-Feb-08,ODI # 2675
25,35,25,4,0,100,3,caught,1,,v Sri Lanka,Perth,15-Feb-08,ODI # 2679
10,24,14,1,0,71.42,3,caught,1,,v India,Adelaide,17-Feb-08,ODI # 2680
11,58,34,0,0,32.35,3,run out,1,,v Sri Lanka,Melbourne,22-Feb-08,ODI # 2683
124,190,133,7,1,93.23,3,caught,1,,v India,Sydney,24-Feb-08,ODI # 2685
1,25,11,0,0,9.09,3,lbw,2,,v Sri Lanka,Melbourne,29-Feb-08,ODI # 2687
1,7,5,0,0,20,3,bowled,1,,v India,Sydney,02-Mar-08,ODI # 2688
1,9,7,0,0,14.28,3,caught,2,,v India,Brisbane,04-Mar-08,ODI # 2689
5,24,20,0,0,25,3,bowled,1,,v West Indies,Kingstown,24-Jun-08,ODI # 2713
13,37,17,2,0,76.47,3,caught,1,,v West Indies,St George's,27-Jun-08,ODI # 2719
69,142,83,7,0,83.13,3,caught,2,,v West Indies,St George's,29-Jun-08,ODI # 2724
46,71,54,5,0,85.18,3,caught,1,,v South Africa,Melbourne,16-Jan-09,ODI # 2795
64,106,72,7,0,88.88,3,caught,1,,v South Africa,Hobart,18-Jan-09,ODI # 2796
29,50,27,3,0,107.4,3,caught,1,,v South Africa,Sydney,23-Jan-09,ODI # 2802
63,87,70,9,0,90,3,caught,1,,v South Africa,Adelaide,26-Jan-09,ODI # 2804
12,25,20,2,0,60,3,caught,2,,v South Africa,Perth,30-Jan-09,ODI # 2808
5,18,13,0,0,38.46,3,run out,1,,v New Zealand,Perth,01-Feb-09,ODI # 2811
16,26,23,1,0,69.56,3,caught,1,,v New Zealand,Sydney,08-Feb-09,ODI # 2817
15,37,27,2,0,55.55,3,caught,2,,v New Zealand,Adelaide,10-Feb-09,ODI # 2819
2,7,3,0,0,66.66,3,caught,1,,v New Zealand,Brisbane,13-Feb-09,ODI # 2820
37,58,45,5,0,82.22,3,caught,1,,v South Africa,Durban,03-Apr-09,ODI # 2832
8,9,6,0,1,133.33,3,caught,1,,v South Africa,Centurion,05-Apr-09,ODI # 2834
20,36,35,2,0,57.14,3,caught,2,,v South Africa,Cape Town,09-Apr-09,ODI # 2839
53,79,67,4,0,79.1,3,caught,2,,v South Africa,Gqeberha,13-Apr-09,ODI # 2840
40,68,45,2,1,88.88,3,caught,1,,v South Africa,Johannesburg,17-Apr-09,ODI # 2841
48,98,60,5,0,80,3,caught,2,,v England,Lord's,12-Sep-09,ODI # 2888
126,151,109,14,3,115.59,3,caught,2,,v England,Nottingham,15-Sep-09,ODI # 2890
6,18,14,1,0,42.85,3,caught,1,,v England,Nottingham,17-Sep-09,ODI # 2891
53,-,67,8,0,79.1,3,caught,1,,v England,Chester-le-Street,20-Sep-09,ODI # 2892
79,129,95,9,1,83.15,3,stumped,1,,v West Indies,Johannesburg,26-Sep-09,ODI # 2897
65,131,88,4,1,73.86,3,run out,1,,v India,Centurion,28-Sep-09,ODI # 2901
32,90,64,1,0,50,3,caught,2,,v Pakistan,Centurion,30-Sep-09,ODI # 2903
111*,169,115,12,1,96.52,3,not out,2,,v England,Centurion,02-Oct-09,ODI # 2905
1,5,4,0,0,25,3,lbw,2,,v New Zealand,Centurion,05-Oct-09,ODI # 2907
74,113,85,8,2,87.05,3,lbw,1,,v India,Vadodara,25-Oct-09,ODI # 2913
12,24,16,2,0,75,3,lbw,2,,v India,Nagpur,28-Oct-09,ODI # 2915
59,124,92,4,0,64.13,2,lbw,1,,v India,Delhi,31-Oct-09,ODI # 2918
52,79,59,5,1,88.13,3,run out,1,,v India,Mohali,02-Nov-09,ODI # 2919
45,56,45,3,1,100,3,bowled,1,,v India,Hyderabad,05-Nov-09,ODI # 2923
25,58,57,3,0,43.85,3,caught,2,,v India,Guwahati,08-Nov-09,ODI # 2925
27,61,47,1,0,57.44,3,caught,2,,v Pakistan,Brisbane,22-Jan-10,ODI # 2944
13,35,28,0,0,46.42,3,caught,1,,v Pakistan,Sydney,24-Jan-10,ODI # 2945
0,3,3,0,0,0,3,lbw,1,,v Pakistan,Adelaide,26-Jan-10,ODI # 2946
30,64,41,1,1,73.17,3,caught,1,,v Pakistan,Perth,29-Jan-10,ODI # 2947
55,95,78,6,0,70.51,3,caught,2,,v Pakistan,Perth,31-Jan-10,ODI # 2948
49,69,61,1,2,80.32,3,bowled,1,,v West Indies,Melbourne,07-Feb-10,ODI # 2950
57*,70,55,8,2,103.63,3,not out,2,,v West Indies,Adelaide,09-Feb-10,ODI # 2952
22,-,36,2,0,61.11,3,bowled,1,,v West Indies,Sydney,12-Feb-10,ODI # 2954
106,148,112,6,2,94.64,3,caught,1,,v West Indies,Brisbane,14-Feb-10,ODI # 2955
61,-,55,3,1,110.9,3,caught,1,,v West Indies,Melbourne,19-Feb-10,ODI # 2960
44,87,56,4,0,78.57,3,caught,1,,v New Zealand,Napier,03-Mar-10,ODI # 2966
1,7,4,0,0,25,3,caught,1,,v New Zealand,Auckland,06-Mar-10,ODI # 2969
69,100,71,9,0,97.18,3,caught,2,,v New Zealand,Hamilton,09-Mar-10,ODI # 2971
50,60,35,8,1,142.85,3,lbw,2,,v New Zealand,Auckland,11-Mar-10,ODI # 2973
0,1,1,0,0,0,3,caught,2,,v New Zealand,Wellington,13-Mar-10,ODI # 2975
33,63,54,5,0,61.11,3,caught,1,,v Ireland,Dublin,17-Jun-10,ODI # 2994
21,39,23,3,0,91.3,3,caught,1,,v England,Southampton,22-Jun-10,ODI # 3000
13,17,21,1,0,61.9,3,caught,1,,v England,Cardiff,24-Jun-10,ODI # 3002
3,17,16,0,0,18.75,3,stumped,1,,v England,Manchester,27-Jun-10,ODI # 3003
92,130,93,10,0,98.92,3,caught,1,,v England,The Oval,30-Jun-10,ODI # 3004
15,30,27,3,0,55.55,3,caught,1,,v England,Lord's,03-Jul-10,ODI # 3011
10,25,16,2,0,62.5,3,caught,2,,v Sri Lanka,Sydney,05-Nov-10,ODI # 3066
28,50,36,0,0,77.77,3,run out,1,,v Zimbabwe,Ahmedabad,21-Feb-11,ODI # 3103
12,39,28,1,0,42.85,3,stumped,2,,v New Zealand,Nagpur,25-Feb-11,ODI # 3107
TDNB,-,-,-,-,-,-,-,-,,v Sri Lanka,Colombo (RPS),05-Mar-11,ODI # 3119
36,83,54,5,0,66.66,3,lbw,1,,v Kenya,Bengaluru,13-Mar-11,ODI # 3130
7,30,15,0,0,46.66,3,caught,2,,v Canada,Bengaluru,16-Mar-11,ODI # 3134
19,57,33,2,0,57.57,3,caught,1,,v Pakistan,Colombo (RPS),19-Mar-11,ODI # 3139
104,172,118,7,1,88.13,3,caught,1,,v India,Ahmedabad,24-Mar-11,ODI # 3143
34,36,31,5,1,109.67,3,run out,1,,v Bangladesh,Mirpur,09-Apr-11,ODI # 3149
37*,83,42,2,1,88.09,3,not out,2,,v Bangladesh,Mirpur,11-Apr-11,ODI # 3150
47,70,50,7,1,94,2,lbw,1,,v Bangladesh,Mirpur,13-Apr-11,ODI # 3151
53,92,71,5,0,74.64,3,bowled,2,,v Sri Lanka,Pallekele,10-Aug-11,ODI # 3175
90*,150,106,8,1,84.9,3,not out,2,,v Sri Lanka,Hambantota,14-Aug-11,ODI # 3178
22,37,27,4,0,81.48,3,caught,2,,v Sri Lanka,Hambantota,16-Aug-11,ODI # 3180
0,3,4,0,0,0,3,caught,2,,v Sri Lanka,Colombo (RPS),20-Aug-11,ODI # 3182
31,54,35,6,0,88.57,3,caught,1,,v Sri Lanka,Colombo (RPS),22-Aug-11,ODI # 3184
63,118,77,9,0,81.81,2,caught,1,,v South Africa,Centurion,19-Oct-11,ODI # 3203
10,17,7,2,0,142.85,2,caught,2,,v South Africa,Gqeberha,23-Oct-11,ODI # 3208
11,36,20,1,0,55,3,caught,2,,v South Africa,Durban,28-Oct-11,ODI # 3211
2,11,12,0,0,16.66,3,caught,1,,v India,Melbourne,05-Feb-12,ODI # 3231
1,6,4,0,0,25,3,lbw,1,,v Sri Lanka,Perth,10-Feb-12,ODI # 3235
6,14,14,1,0,42.85,2,caught,1,,v India,Adelaide,12-Feb-12,ODI # 3237
2,21,10,0,0,20,3,caught,1,,v Sri Lanka,Sydney,17-Feb-12,ODI # 3241
7,33,26,0,0,26.92,3,caught,1,,v India,Brisbane,19-Feb-12,ODI # 3244
Change batting view,,,,,,,,,,,,,
,,,,,,,,,,,,,
Career summary,,,,,,,,,,,,,
Innings by innings list,,,,,,,,,,,,,
Match by match list,,,,,,,,,,,,,
Cumulative averages,,,,,,,,,,,,,
Reverse cumulative,,,,,,,,,,,,,
Series averages,,,,,,,,,,,,,
Tour averages,,,,,,,,,,,,,
Ground averages,,,,,,,,,,,,,
Partnership summary,,,,,,,,,,,,,
List of partnerships,,,,,,,,,,,,,
Dismissal summary,,,,,,,,,,,,,
Bowler summary,,,,,,,,,,,,,
Fielder summary,,,,,,,,,,,,,
List of dismissals,,,,,,,,,,,,,
Change type of match,,,,,,,,,,,,,
,,,,,,,,,,,,,
Test matches,,,,,,,,,,,,,
One-Day Internationals,,,,,,,,,,,,,
Twenty20 Internationals,,,,,,,,,,,,,
"Combined Test, ODI and T20I records",,,,,,,,,,,,,
Change analysis type,,,,,,,,,,,,,
,,,,,,,,,,,,,
Bowling analysis,,,,,,,,,,,,,
Fielding analysis,,,,,,,,,,,,,
All-round analysis,,,,,,,,,,,,,
Return to main menus,,,,,,,,,,,,,
,,,,,,,,,,,,,
Return to the query menu,,,,,,,,,,,,,
Return to cleared query menu,,,,,,,,,,,,,
Statsguru main menu,,,,,,,,,,,,,
Statsguru includes the following current or recent One-Day Internationals:,,,,,,,,,,,,,
"Namibia v Scotland at Kirtipur, ICC Men's Cricket World Cup League 2 125th match, Feb 20, 2023 [ODI # 4519]",,,,,,,,,,,,,
"Nepal v Namibia at Kirtipur, ICC Men's Cricket World Cup League 2 124th match, Feb 18, 2023 [ODI # 4518]",,,,,,,,,,,,,
"Nepal v Scotland at Kirtipur, ICC Men's Cricket World Cup League 2 123rd match, Feb 17, 2023 [ODI # 4517]",,,,,,,,,,,,,
,,,,,,,,,,,,,
,Feedback,Print this page,,,,,,,,,,,
,,,,,,,,,,,,,
Readers recommend - Curated tweets by ESPNcricinfo,,,,,,,,,,,,,
ABOUT COOKIES,,,,,,,,,,,,,
"To help make this website better, to improve and personalize your experience and for advertising purposes, are you happy to accept cookies and other technologies.",,,,,,,,,,,,,
YES,,,,,,,,,,,,,
More Info Here Cookie Choices,,,,,,,,,,,,,
